osmid,x,y,total_CYD
98053284,-81.8848192,26.4070972,0.0
98053295,-81.8844258,26.4063622,0.0
98054683,-81.895055,26.407529,0.0
98062323,-81.912106,26.432122,0.0
98062337,-81.913219,26.432645,0.0
98062341,-81.913639,26.432986,0.0
98074455,-81.908071,26.425265,0.0
98074465,-81.907005,26.424041,0.0
98087995,-81.912101,26.431476,0.0
98088001,-81.910259,26.431486,0.0
98093609,-81.904909,26.423218,0.0
98093611,-81.9047103,26.4233448,0.0
98093613,-81.9045097,26.4234881,0.0
98093619,-81.902299,26.42512,0.0
98096713,-81.905418,26.426031,0.0
98096766,-81.904163,26.431017,0.0
98098767,-81.88826,26.40546,0.0
98098769,-81.888269,26.406148,0.0
98105248,-81.9110969,26.4276028,0.0
98105250,-81.910741,26.427893,0.0
98105254,-81.909955,26.428561,0.0
98124288,-81.903186,26.420623,0.0
98124294,-81.899233,26.423503,0.0
98125738,-81.92342,26.4382,0.0
98128527,-81.918062,26.434305,0.0
98128539,-81.917225,26.435303,0.0
98128546,-81.916457,26.434768,0.0
98128554,-81.913153,26.434192,0.0
98153412,-81.884939,26.404842,0.0
98153441,-81.8845141,26.4078093,0.0
98157371,-81.906366,26.4242508,0.0
98166589,-81.887127,26.405423,0.0
98166591,-81.887128,26.405889,0.0
98170208,-81.9227084,26.4376888,0.0
98203979,-81.912109,26.432351,0.0
98203983,-81.910293,26.432368,0.0
98206415,-81.8975349,26.4200771,0.0
98206428,-81.8988,26.422587,0.0
98218152,-81.9070876,26.4237222,0.0
98218157,-81.9066806,26.4240156,0.0
98218165,-81.9051243,26.425102,0.0
98218174,-81.9033952,26.426358,0.0
98231941,-81.914948,26.432989,0.0
98231946,-81.913871,26.432065,0.0
98235454,-81.887306,26.408614,0.0
98235466,-81.887866,26.408636,0.0
98235475,-81.888563,26.408957,0.0
98235542,-81.893052,26.411553,0.0
98235544,-81.89317,26.411584,0.0
98235590,-81.897108,26.411402,0.0
98235630,-81.898483,26.409758,0.0
98235674,-81.8984,26.409653,0.0
98241915,-81.911293,26.42985,0.0
98241918,-81.910242,26.42884,0.0
98241924,-81.909125,26.4277835,0.0
98241934,-81.908614,26.427298,0.0
98243788,-81.8942,26.4151995,0.0
98243793,-81.8943634,26.4152698,0.0
98243801,-81.900838,26.415216,0.0
98243803,-81.9004532,26.4152372,0.0
98248812,-81.8841963,26.4047774,0.0
98272065,-81.9247624,26.4390708,0.0
98272072,-81.924111,26.438678,0.0
98272073,-81.922039,26.437222,0.0
98272079,-81.9205098,26.4361169,0.0
98272090,-81.919555,26.435414,0.0
98272096,-81.918787,26.434844,0.0
98272103,-81.916437,26.433102,0.0
98272109,-81.914518,26.431482,0.0
98272120,-81.9125578,26.429782,0.0
98272125,-81.91208,26.429181,0.0
98272136,-81.909408,26.426618,0.0
98272162,-81.907901,26.425489,0.0
98272180,-81.906821,26.425303,0.0
98272207,-81.90539,26.423895,0.0
98272215,-81.9052523,26.4237198,0.0
98272222,-81.905143,26.423571,0.0
98272226,-81.904361,26.422395,0.0
98272231,-81.903802,26.421548,0.0
98272235,-81.902649,26.4198,0.0
98272236,-81.902606,26.419723,0.0
98272245,-81.901581,26.417219,0.0
98272259,-81.899579,26.411833,0.0
98272261,-81.899549,26.411751,0.0
98272281,-81.896228,26.407141,68.0
98272282,-81.896134,26.40704,0.0
98272296,-81.894552,26.405797,0.0
98272308,-81.892473,26.40486,0.0
98272332,-81.890671,26.404487,0.0
98272355,-81.889438,26.404434,0.0
98272390,-81.885915,26.40472,0.0
98274443,-81.891569,26.405518,0.0
98274447,-81.891372,26.405947,0.0
98275373,-81.9014988,26.4205854,0.0
98275382,-81.900562,26.421297,0.0
98275387,-81.899677,26.421937,0.0
98285619,-81.889452,26.405301,0.0
98285620,-81.889455,26.406152,0.0
98286233,-81.912105,26.4316748,0.0
98291437,-81.893067,26.406002,0.0
98291458,-81.890333,26.40627,0.0
98313024,-81.89514,26.419287,0.0
98315980,-81.895124,26.40765,0.0
98315994,-81.8944768,26.4080993,0.0
98315998,-81.893942,26.406458,0.0
98316007,-81.894066,26.406527,0.0
98316112,-81.8987379,26.4200845,0.0
98317275,-81.90816,26.429341,0.0
98329901,-81.900298,26.424095,0.0
98379275,-81.912099,26.430994,0.0
98388518,-81.890568,26.405328,0.0
98397814,-81.914733,26.436666,0.0
98400774,-81.9121318,26.4328927,0.0
98400778,-81.912123,26.433071,0.0
98416001,-81.9060979,26.4233454,0.0
98420994,-81.905671,26.425485,0.0
98421825,-81.910223,26.430401,0.0
98421833,-81.908923,26.430985,0.0
98428988,-81.9051523,26.4240411,0.0
98428992,-81.902807,26.425754,0.0
98431359,-81.90914,26.430056,0.0
98440048,-81.908382,26.425036,0.0
98490148,-81.909094,26.43224,0.0
98490196,-81.908946,26.432149,0.0
98490217,-81.908011,26.432311,0.0
98504727,-81.9009614,26.4119186,0.0
98504747,-81.9009407,26.411843,0.0
98516965,-81.9126202,26.4328824,0.0
98538693,-81.8999483,26.4200814,0.0
98550561,-81.91865,26.434986,0.0
98558374,-81.915656,26.437147,0.0
98560201,-81.907998,26.429324,0.0
98565023,-81.905493,26.425469,0.0
98580739,-81.8963966,26.4202244,0.0
1335983161,-81.906199,26.422994,0.0
1335983164,-81.9052548,26.4231484,0.0
1335983167,-81.9059811,26.4228021,0.0
1335983169,-81.905652,26.4228343,0.0
1335983175,-81.9048436,26.4231214,0.0
1335983177,-81.9053602,26.4232705,0.0
1335983179,-81.9057624,26.4229646,0.0
1387634859,-81.9023122,26.4159553,0.0
1387634866,-81.9015149,26.4162967,0.0
1387634867,-81.9012646,26.4163693,0.0
1387634872,-81.9017534,26.4170233,0.0
1387634873,-81.9025344,26.4170254,0.0
1387634874,-81.901522,26.4170568,0.0
1387634887,-81.9057548,26.4225552,0.0
1387634893,-81.9057857,26.4227285,0.0
1387634904,-81.9055801,26.4228912,0.0
1387637810,-81.904094,26.4219942,0.0
1387637811,-81.9038304,26.4221175,0.0
1390578781,-81.904142,26.4225292,0.0
1390578786,-81.9045054,26.4230508,0.0
1390578792,-81.9043382,26.4232349,0.0
1390578798,-81.9045607,26.4234512,0.0
1390589090,-81.9046956,26.4216814,0.0
1390589102,-81.9049483,26.4220778,0.0
1390589103,-81.9044404,26.4221855,0.0
1390589104,-81.9042837,26.4222778,0.0
1412670487,-81.9126647,26.4317455,0.0
1620821904,-81.8769002,26.4050248,0.0
1621351072,-81.8753792,26.4037721,0.0
1623448481,-81.8715112,26.4023697,0.0
1623448491,-81.8704571,26.4013486,0.0
1623448499,-81.8719609,26.4019283,0.0
1769035619,-81.9059537,26.4245528,0.0
1769035621,-81.9059228,26.424518,0.0
1775637503,-81.8775861,26.4044233,0.0
1775637523,-81.8769069,26.4053612,0.0
1775637525,-81.8762313,26.4058121,0.0
1775637529,-81.8769378,26.4045478,0.0
1775637532,-81.8754457,26.4060161,0.0
1775637536,-81.8772536,26.404916,0.0
1775637539,-81.8770491,26.4049792,0.0
1775637585,-81.8769731,26.4058445,0.0
1775637594,-81.8768768,26.4054304,0.0
1775637604,-81.8773474,26.4060713,0.0
1775637606,-81.8772876,26.4055816,0.0
1775637643,-81.8764461,26.4062251,0.0
1775637647,-81.8771382,26.4054462,0.0
1775637661,-81.8763925,26.4047429,0.0
1775637671,-81.8771057,26.4055201,0.0
1775637673,-81.8770684,26.4058079,0.0
1775637700,-81.8753733,26.4058695,0.0
1775637709,-81.876059,26.405792,0.0
1775637710,-81.8762664,26.4061602,0.0
1775637729,-81.8769273,26.4051684,0.0
1775637748,-81.8758307,26.4043155,0.0
1775637759,-81.87625,26.4060762,0.0
1775637768,-81.8761959,26.4057813,0.0
1775637793,-81.8771247,26.4058719,0.0
1775637803,-81.8772163,26.404928,0.0
1775637817,-81.8774572,26.4048642,0.0
1775763042,-81.8910915,26.4106046,0.0
1775763043,-81.8936589,26.4119013,0.0
1775763045,-81.8940607,26.4131101,0.0
1775763047,-81.8921032,26.4110555,0.0
1775763066,-81.8936911,26.4120526,0.0
1775763075,-81.8939051,26.4126945,0.0
1775763083,-81.8942851,26.4132065,0.0
1775763089,-81.893814,26.4116428,0.0
1775763090,-81.895037,26.4140037,0.0
1775763099,-81.8965968,26.4116037,0.0
1775763103,-81.8944076,26.4135685,0.0
1775763107,-81.894505,26.4136838,0.0
1775763110,-81.8988779,26.4114718,0.0
1775763115,-81.8948042,26.4117858,0.0
1775763126,-81.894131,26.4118749,0.0
1775763132,-81.8979216,26.4102621,0.0
1775763133,-81.8942624,26.4123096,0.0
1775763146,-81.8963565,26.4116113,0.0
1775763153,-81.8943516,26.4129544,0.0
1775763154,-81.8944072,26.4140488,0.0
1775763158,-81.8938574,26.4125546,0.0
1775763159,-81.8939995,26.4119061,0.0
1775763160,-81.894021,26.412507,0.0
1775763180,-81.8978318,26.4100816,0.0
1775763185,-81.8977163,26.4102415,0.0
1775763188,-81.8938246,26.4118778,0.0
1775763193,-81.8942029,26.4129972,0.0
1775763199,-81.8941471,26.4123882,0.0
1775763200,-81.8978158,26.4103007,0.0
1775763205,-81.8942785,26.4123552,0.0
1775763206,-81.8941122,26.4132512,0.0
1775763207,-81.8902895,26.4103475,0.0
1775763218,-81.8990769,26.4111518,0.0
1775763228,-81.8909499,26.4107722,0.0
1775763250,-81.8972387,26.4095597,0.0
1775763261,-81.8942967,26.4124135,0.0
1775763267,-81.8956056,26.4116206,0.0
1775763274,-81.8979362,26.4101435,0.0
1775763290,-81.8914731,26.4106493,0.0
1775763296,-81.8912562,26.4105095,0.0
1775763304,-81.8947473,26.4116306,0.0
1775763311,-81.8941739,26.4134266,0.0
1775763327,-81.8939957,26.4124263,0.0
1775763328,-81.8936369,26.4117961,0.0
1775763337,-81.8971374,26.4113229,0.0
1775763345,-81.893844,26.4119414,0.0
1775763352,-81.8947393,26.4133551,0.0
1775763360,-81.8944684,26.412817,0.0
1775763364,-81.897187,26.4113664,0.0
1775763367,-81.8938273,26.4124591,0.0
1775763368,-81.8977655,26.4100902,0.0
1775763372,-81.8945413,26.4136796,0.0
1925188171,-81.9210956,26.436543,0.0
1925188198,-81.9210328,26.4364946,1038.0
1925244888,-81.8849446,26.4051462,0.0
1925244896,-81.8840902,26.4055735,0.0
1925244902,-81.8841586,26.4054271,0.0
1926499502,-81.8716456,26.4024945,0.0
2019424575,-81.9227553,26.4377225,0.0
2019424577,-81.9148806,26.4311393,0.0
2213482532,-81.9097977,26.4262994,0.0
2213576180,-81.9124291,26.4289031,0.0
5094979733,-81.8854471,26.4096514,0.0
5094979738,-81.8858046,26.4088185,0.0
5094979739,-81.8857684,26.408724,0.0
5094979740,-81.8851067,26.4096661,0.0
5094979746,-81.8850732,26.4089157,0.0
5094979808,-81.8863992,26.4086894,0.0
5094979809,-81.886384,26.4088515,0.0
5094979813,-81.8869341,26.4088144,0.0
5094979814,-81.8869264,26.4086865,0.0
5094979958,-81.8862549,26.4083562,0.0
5094979961,-81.8863003,26.4079049,0.0
5095138163,-81.8841741,26.404944,0.0
5095138164,-81.8838425,26.4050875,0.0
5095138173,-81.8832919,26.4049059,0.0
5095138217,-81.8858745,26.4045282,0.0
5095138218,-81.8854759,26.4046113,0.0
5095138219,-81.885323,26.4042761,0.0
5095138421,-81.8850735,26.4041764,0.0
5095138425,-81.8850213,26.4042792,0.0
5095138426,-81.8851049,26.4044691,0.0
5095138429,-81.8842271,26.4046203,0.0
5095138432,-81.8844901,26.4042912,0.0
5095138433,-81.8846235,26.4042437,0.0
5095138434,-81.8843756,26.4043272,0.0
5095138435,-81.8842709,26.405387,0.0
5095138445,-81.8846453,26.4054526,0.0
5095138446,-81.884264,26.4055623,0.0
5095138449,-81.8850198,26.4057839,0.0
5095138450,-81.8852001,26.4057239,0.0
5095138452,-81.8838402,26.4061941,0.0
5594768019,-81.8927274,26.4117887,0.0
5594768020,-81.8925176,26.41187,0.0
5750060796,-81.9215716,26.4369115,0.0
5750312026,-81.9205945,26.4361775,0.0
5750312039,-81.9194952,26.4353696,0.0
5750312041,-81.9193165,26.435237,0.0
5750312072,-81.9180505,26.4342965,0.0
5750312073,-81.9177088,26.4336869,0.0
5750312075,-81.9168998,26.4334496,0.0
5750312076,-81.9169828,26.4333619,0.0
5750312077,-81.9181193,26.4342172,0.0
5750312083,-81.9191594,26.4351204,0.0
5750312085,-81.919002,26.4350036,0.0
5750312126,-81.9186549,26.4347458,0.0
5750312128,-81.9182506,26.4344452,0.0
5750312186,-81.9196492,26.4354833,0.0
5751752807,-81.9222131,26.4373386,0.0
5751752810,-81.9223836,26.4374592,0.0
5754062419,-81.9149144,26.4313732,0.0
5754062420,-81.9146636,26.4316067,0.0
5754063115,-81.9143258,26.4306345,0.0
5754063117,-81.9139977,26.4308754,47.0
5754063118,-81.9136227,26.4305502,0.0
5754063119,-81.913869,26.4303192,0.0
5754063120,-81.9135286,26.4306385,327.0
5754063221,-81.9139082,26.4309621,238.0
5754569573,-81.9057817,26.4236674,0.0
5754569574,-81.9054187,26.4239285,0.0
5754569575,-81.9063105,26.4242915,0.0
5754569579,-81.9060951,26.4244492,0.0
5754578330,-81.9064485,26.4244878,0.0
5754578331,-81.9061137,26.4247328,0.0
5755082378,-81.9056712,26.4253641,0.0
5755082380,-81.9063765,26.4249975,0.0
5755082393,-81.9062108,26.4248415,0.0
5755082395,-81.9056168,26.4253685,0.0
5755082407,-81.9056883,26.4246889,0.0
5755082408,-81.9054423,26.4248682,0.0
5755082409,-81.9061505,26.4247742,0.0
5755082410,-81.9059302,26.4249331,0.0
5755082522,-81.9052265,26.4245946,0.0
5755082523,-81.9054576,26.424857,0.0
5755082524,-81.9053461,26.4247304,0.0
5755082527,-81.9057306,26.4242932,0.0
5755082543,-81.9051625,26.424124,0.0
5755082546,-81.90565,26.424199,0.0
5755082593,-81.9039149,26.422243,0.0
5755082599,-81.9038605,26.4224755,0.0
5755082604,-81.903762,26.4223314,0.0
5755082605,-81.9036703,26.422192,0.0
5756963343,-81.9041221,26.4215534,0.0
5756963345,-81.9049435,26.4209502,0.0
5756963348,-81.9038536,26.4216269,0.0
5756963352,-81.903947,26.4217695,0.0
5756963367,-81.9046009,26.4205337,0.0
5756963368,-81.903615,26.4212671,0.0
5756963369,-81.9041509,26.4208685,0.0
5756963371,-81.9047446,26.4207034,0.0
5756963381,-81.903351,26.4211525,0.0
5756963382,-81.903659,26.421631,0.0
5756963383,-81.9034872,26.4210753,0.0
5756987937,-81.9035675,26.4209467,0.0
5756987938,-81.9034502,26.4210198,0.0
5758643548,-81.9033863,26.4206308,0.0
5758643550,-81.903259,26.4207327,0.0
5758643551,-81.903084,26.420152,0.0
5758643552,-81.9029356,26.4202392,0.0
5758643556,-81.9036759,26.4199437,0.0
5758643557,-81.9038083,26.4200902,0.0
5758996101,-81.9027867,26.420011,0.0
5758996102,-81.9038062,26.4193318,0.0
5758996105,-81.9036191,26.4191267,0.0
5758996108,-81.9026949,26.4198704,0.0
5758996109,-81.9029514,26.4199027,0.0
5758996110,-81.9028431,26.419757,0.0
5758996111,-81.9033316,26.4196574,0.0
5758996112,-81.9031594,26.4194825,0.0
5758996153,-81.9032393,26.4191823,0.0
5758996155,-81.9025521,26.4196253,0.0
5758996157,-81.9022183,26.4189187,0.0
5758996158,-81.9027586,26.419507,0.0
5759422371,-81.9024606,26.4172416,0.0
5759422376,-81.9023775,26.4185019,0.0
5759422377,-81.9020613,26.4185068,0.0
5759422378,-81.9025597,26.4184991,0.0
5759422379,-81.9020978,26.4172492,0.0
5759422381,-81.9022669,26.4177066,0.0
5759422382,-81.9020701,26.4176892,0.0
5759422383,-81.9017781,26.4177448,0.0
5759422387,-81.9022207,26.4175817,0.0
5759422388,-81.9028483,26.4184947,0.0
5759422390,-81.9029884,26.4184483,0.0
5759422396,-81.902987,26.4183295,0.0
5759422397,-81.902499,26.4183346,0.0
5759422398,-81.9027223,26.4183323,0.0
5759422400,-81.902454,26.418213,0.0
5763946153,-81.9009288,26.4154616,53.0
5763946155,-81.9010308,26.4157372,61.0
5763946217,-81.901506,26.4150124,0.0
5763946218,-81.9008252,26.4151819,0.0
5763946233,-81.9005999,26.4145821,0.0
5763946235,-81.9007932,26.4145136,0.0
5763946236,-81.9007566,26.4149994,0.0
5763946237,-81.9011328,26.4148062,0.0
5763946238,-81.900934,26.4148698,0.0
5763946358,-81.9019134,26.4142425,0.0
5763946360,-81.9017468,26.4148141,0.0
5763946363,-81.9012063,26.4144153,0.0
5763946364,-81.9015541,26.4148619,0.0
5763946365,-81.9014138,26.4143679,0.0
5764153773,-81.9015149,26.4139736,0.0
5764153790,-81.9018126,26.4139075,0.0
5764153791,-81.9014704,26.414355,0.0
5764153792,-81.9013995,26.4140977,0.0
5764153794,-81.9004559,26.4141986,0.0
5764153844,-81.901247,26.4130711,0.0
5764153845,-81.9015588,26.4129889,0.0
5764153846,-81.9011101,26.4131193,0.0
5764153847,-81.9001456,26.4133634,0.0
5764153848,-81.9006627,26.4132325,0.0
5764153849,-81.9009229,26.4141009,0.0
5764153870,-81.9007511,26.4142572,0.0
5764153871,-81.9008308,26.414501,0.0
5766143306,-81.9015401,26.4128223,0.0
5766143309,-81.9012254,26.4128946,0.0
5766143310,-81.900805,26.4113473,0.0
5766143313,-81.9008617,26.4115544,0.0
5766143315,-81.8999605,26.4117618,0.0
5766143316,-81.8999532,26.4116682,0.0
5766143319,-81.9010345,26.4121888,0.0
5766143320,-81.901144,26.4125939,0.0
5766143329,-81.9003085,26.4129133,0.0
5766143330,-81.9011771,26.412716,0.0
5766143331,-81.9011275,26.4125327,0.0
5766143333,-81.9010814,26.4123625,0.0
5766143334,-81.9005143,26.4120956,0.0
5766143335,-81.9006527,26.4120901,0.0
5766143336,-81.9009868,26.4120125,0.0
5766143337,-81.900701,26.4122636,0.0
5766143338,-81.9004764,26.4115828,0.0
5766143339,-81.9008458,26.4114962,0.0
5766143342,-81.8996231,26.4114607,0.0
5766143557,-81.8992529,26.411011,0.0
5766143566,-81.9007375,26.4111451,0.0
5766143568,-81.9000714,26.4113352,0.0
5766143569,-81.8998898,26.4108338,0.0
5766143570,-81.9000465,26.4112664,0.0
5766143571,-81.9006725,26.4108357,0.0
5766143572,-81.9007098,26.4110135,0.0
5766143573,-81.8999583,26.4110229,0.0
5766449219,-81.9012533,26.4106199,0.0
5766449221,-81.8991066,26.4107136,0.0
5766449223,-81.9003757,26.4106283,0.0
5766449224,-81.9009289,26.41062,0.0
5766451157,-81.8988467,26.4102624,0.0
5766451159,-81.8991449,26.4100585,0.0
5766451160,-81.8994193,26.4104972,0.0
5766451161,-81.8994215,26.4106426,0.0
5766451162,-81.8992376,26.4102015,0.0
5766451166,-81.8993658,26.4101192,0.0
5768234068,-81.8992432,26.4097408,0.0
5768234071,-81.8987055,26.4089906,0.0
5768234072,-81.8988978,26.4090615,0.0
5768234073,-81.8985013,26.4093395,0.0
5768234074,-81.899264,26.4095183,0.0
5768234075,-81.8988806,26.4097953,0.0
5768234076,-81.8991681,26.4095876,0.0
5768234080,-81.898713,26.4091911,0.0
5768234124,-81.8987194,26.4096016,0.0
5768540101,-81.898538,26.4088793,0.0
5768540102,-81.8982047,26.4091062,0.0
5768540103,-81.8978623,26.408755,0.0
5768540105,-81.8980517,26.4092449,0.0
5768796994,-81.8978671,26.4083788,0.0
5768796997,-81.8976525,26.4081336,0.0
5768796998,-81.8976342,26.4083411,0.0
5768796999,-81.897413,26.4084995,0.0
5768797047,-81.8976619,26.4078123,0.0
5768797050,-81.8972088,26.407332,0.0
5768797052,-81.8969941,26.4077515,0.0
5768797054,-81.8971495,26.4079271,0.0
5768797088,-81.8970641,26.4078306,0.0
5768797089,-81.8969222,26.4079288,0.0
5768797104,-81.8971155,26.4072123,0.0
5768797106,-81.8965967,26.4069632,0.0
5768797107,-81.8966957,26.4070831,0.0
5768797109,-81.8965239,26.4073263,49.0
5768797111,-81.8968125,26.4072247,0.0
5768797112,-81.8964487,26.4073783,0.0
5768797207,-81.8954568,26.4058995,0.0
5768797214,-81.8951597,26.4062061,0.0
5768797217,-81.8952476,26.4056557,0.0
5768797223,-81.8950051,26.4060987,0.0
5770662455,-81.8948585,26.4052666,0.0
5770662458,-81.894207,26.4048595,0.0
5770662459,-81.8944454,26.4054938,0.0
5770662460,-81.8943212,26.4056627,0.0
5770662461,-81.8941197,26.4053112,0.0
5770662462,-81.8939955,26.4054857,0.0
5770662465,-81.8944498,26.4054962,0.0
5770662549,-81.893406,26.4052067,0.0
5770662550,-81.8937695,26.4048937,0.0
5770662551,-81.8936029,26.4051118,0.0
5770662552,-81.8934674,26.405058,0.0
5770662561,-81.8931949,26.4051177,0.0
5770662564,-81.8934324,26.4045961,0.0
5770662574,-81.8930987,26.4050792,0.0
5770662575,-81.8931744,26.4048186,0.0
5770662576,-81.8929159,26.4048272,0.0
5770662577,-81.8928484,26.4049851,0.0
5770662582,-81.8925834,26.4048968,0.0
5770662583,-81.8926989,26.4049353,0.0
5770662598,-81.8925328,26.4047144,0.0
5770662608,-81.892252,26.4046393,0.0
5770662609,-81.8922011,26.4047793,0.0
5770662617,-81.8917464,26.4045134,0.0
5770662618,-81.8917083,26.4046563,0.0
5770662622,-81.8916655,26.4044572,0.0
5770662623,-81.8916221,26.4046383,0.0
5770662624,-81.891547,26.4044364,0.0
5770662625,-81.8915085,26.4046145,0.0
5770662630,-81.8912833,26.4045744,0.0
5770662631,-81.8913871,26.4045916,0.0
5770662655,-81.8894534,26.4044337,0.0
5770662656,-81.8895919,26.4044312,0.0
5770662663,-81.8890021,26.4044393,0.0
5770662664,-81.8891334,26.4044377,0.0
5770662673,-81.8888796,26.4041823,0.0
5770662674,-81.888888,26.4044407,0.0
5770662675,-81.8887434,26.4042561,0.0
5770662676,-81.888882,26.4042557,0.0
5770662677,-81.8886279,26.4044439,0.0
5770662680,-81.8885045,26.4044454,0.0
5770662683,-81.8901668,26.4044457,0.0
5770662684,-81.8902751,26.4044528,0.0
5770662685,-81.8904502,26.4043303,0.0
5770662686,-81.8904382,26.4044669,0.0
5770662687,-81.8907182,26.4044919,0.0
5770662691,-81.8905963,26.4044806,0.0
5770662692,-81.8911644,26.4045548,0.0
5770662695,-81.8910527,26.4045377,0.0
5770662696,-81.8898214,26.404434,0.0
5770662699,-81.8897131,26.4044327,0.0
5770662708,-81.8876192,26.4044562,0.0
5770662710,-81.8875004,26.4042514,0.0
5771293186,-81.8872362,26.4041267,0.0
5771293187,-81.8872456,26.4044654,0.0
5771293188,-81.8869215,26.4041356,0.0
5771293189,-81.8869518,26.4044951,0.0
5771293248,-81.8839625,26.4044755,0.0
5781896148,-81.9231909,26.4380354,0.0
5781896275,-81.9230447,26.4379304,0.0
5783014101,-81.9208051,26.4363305,173.0
5784212568,-81.9155695,26.4323826,0.0
5784212569,-81.9158997,26.4320692,0.0
5784212570,-81.9161489,26.432627,0.0
5784212571,-81.9160052,26.4327557,0.0
5784212577,-81.9160491,26.4325691,0.0
5784212578,-81.9159261,26.432688,0.0
5784212617,-81.9149523,26.431854,0.0
5784212618,-81.9154325,26.4314248,0.0
5784803018,-81.9127197,26.4296466,0.0
5784803019,-81.9125656,26.4297892,0.0
5784803030,-81.912513,26.4297256,0.0
5784803031,-81.9126183,26.429657,0.0
5784803032,-81.9124021,26.4295861,0.0
5784803033,-81.9125564,26.4294835,0.0
5784803556,-81.912588,26.4296767,0.0
5784803557,-81.9124834,26.4295321,0.0
5784803682,-81.9112317,26.4280387,0.0
5784803684,-81.9110634,26.4281996,0.0
5787253593,-81.9106763,26.4275227,0.0
5787253595,-81.9104313,26.4275968,0.0
5787253620,-81.9102085,26.4270555,0.0
5787253621,-81.9100253,26.4272084,0.0
5787254818,-81.9097392,26.4269348,0.0
5787254821,-81.9096238,26.4268244,0.0
5787531652,-81.9092827,26.4261706,0.0
5787532253,-81.9091053,26.4263235,0.0
5787532260,-81.9089386,26.4258951,0.0
5787532261,-81.908788,26.4260149,0.0
5787532264,-81.9086766,26.4259065,0.0
5787532267,-81.9085759,26.4258171,0.0
5787532319,-81.9085175,26.4253441,0.0
5787532321,-81.9082384,26.4255969,0.0
5787532323,-81.9083489,26.4254696,0.0
5787532325,-81.9084312,26.4254083,0.0
5787669196,-81.9075729,26.4253283,0.0
5787669198,-81.9074072,26.4251756,0.0
5787669199,-81.907538,26.4253304,0.0
5787669200,-81.9075391,26.4254563,0.0
5787669210,-81.9072033,26.425345,0.0
5787669219,-81.9068347,26.4247325,0.0
5787669226,-81.9070994,26.4252499,0.0
5787669227,-81.9070486,26.4253842,0.0
5787669232,-81.9069045,26.4253346,0.0
5787669253,-81.9067632,26.4248114,0.0
5787669257,-81.9065761,26.4247604,0.0
5787669258,-81.9067471,26.4246425,0.0
5787669259,-81.9068697,26.4250068,0.0
5787669260,-81.90698,26.4248254,0.0
5787669270,-81.9063786,26.4246044,0.0
5789781070,-81.9077106,26.4250125,0.0
5789781071,-81.9078149,26.4249363,0.0
5789781098,-81.9069541,26.4248131,0.0
5789781099,-81.907029,26.4247665,0.0
5789781116,-81.9069164,26.4246755,0.0
5789781117,-81.9068407,26.424737,0.0
5789781143,-81.9065443,26.4242485,0.0
5789781144,-81.906475,26.4241693,0.0
5789834735,-81.9070644,26.4241094,0.0
5789834736,-81.9071648,26.424033,0.0
5789834737,-81.9073326,26.4241556,0.0
5789834738,-81.9071884,26.4242523,0.0
5789834751,-81.9062374,26.4240473,0.0
5789834753,-81.9063948,26.4242293,0.0
5789834754,-81.9065034,26.4241481,0.0
5789834756,-81.9063291,26.4241621,0.0
5789834829,-81.9064699,26.423404,0.0
5789834832,-81.9063391,26.4236205,0.0
5789834835,-81.9061402,26.4233937,0.0
5789834844,-81.9063305,26.4236107,0.0
5797187881,-81.8852548,26.4052198,0.0
5797187885,-81.8851912,26.4048321,0.0
5797187888,-81.8856708,26.4050995,0.0
5797187890,-81.8855142,26.4047961,0.0
5797187893,-81.8858902,26.4050239,0.0
5797187895,-81.8857981,26.4047431,0.0
5797187907,-81.8863648,26.4048274,0.0
5797187908,-81.8862867,26.4046322,85.0
5797187911,-81.8866311,26.4045556,0.0
5797187918,-81.8867723,26.4045258,0.0
5797187934,-81.8868684,26.4045067,0.0
5797187943,-81.8870158,26.4044862,0.0
5797187948,-81.8871223,26.4044758,0.0
5797188158,-81.8873066,26.4044634,0.0
5797188162,-81.8873942,26.4046515,0.0
5797188164,-81.8873912,26.4044606,0.0
5797188167,-81.8877669,26.4046555,0.0
5797188174,-81.8876411,26.4046581,0.0
5797188175,-81.8877026,26.4045892,0.0
5797188177,-81.8876997,26.4044552,0.0
5797188178,-81.8878498,26.4044534,0.0
5797188187,-81.8879863,26.4044517,0.0
5797188199,-81.888125,26.40445,0.0
5797188204,-81.8882436,26.4044486,0.0
5797188209,-81.8888304,26.4044414,0.0
5797188338,-81.8922975,26.4049754,0.0
5797188340,-81.8923424,26.4048212,0.0
5797188341,-81.8924377,26.4050993,0.0
5797188342,-81.8925097,26.4048722,0.0
5797188360,-81.8927621,26.4051376,0.0
5797188361,-81.8928355,26.4049808,0.0
5797188404,-81.8929519,26.4050229,0.0
5797188413,-81.893085,26.405074,0.0
5797188422,-81.8934009,26.4053649,0.0
5797188423,-81.8934691,26.4052333,0.0
5797188460,-81.8935926,26.4052892,0.0
5797188466,-81.8937195,26.4053487,0.0
5797188497,-81.8937295,26.4055394,0.0
5797188499,-81.8938138,26.4053928,0.0
5797188500,-81.8940362,26.4056958,0.0
5797188502,-81.8941258,26.4055535,0.0
5797188528,-81.8944486,26.4059506,0.0
5797188537,-81.8946591,26.4060932,0.0
5797188539,-81.8947751,26.4059392,0.0
5797188540,-81.8945925,26.4059903,0.0
5797188542,-81.8946735,26.4058744,0.0
5797188668,-81.8948813,26.4060127,0.0
5797188677,-81.8949733,26.4060766,0.0
5798972027,-81.8950577,26.4061352,0.0
5798972035,-81.8951503,26.4061996,0.0
5798972453,-81.8950936,26.4064248,0.0
5798972455,-81.8952425,26.4062669,0.0
5798972463,-81.8952938,26.406511,0.0
5798972465,-81.8954102,26.4063973,0.0
5798972592,-81.8964791,26.4076114,0.0
5798972594,-81.8965862,26.4075382,0.0
5798972595,-81.8958712,26.4075072,0.0
5798972596,-81.8958076,26.4074187,0.0
5798972600,-81.8970052,26.4080253,0.0
5798972604,-81.896616,26.4080735,0.0
5799216664,-81.8994751,26.4115557,0.0
5799216665,-81.8993383,26.4121099,0.0
5799216666,-81.8991544,26.4115942,0.0
5799216667,-81.8991923,26.4117004,0.0
5799216668,-81.8994999,26.4116212,0.0
5799216669,-81.8986392,26.4118286,0.0
5799216670,-81.8986355,26.411603,0.0
5799216671,-81.898443,26.4120193,0.0
5799216672,-81.8984375,26.4116063,0.0
5799216673,-81.8973786,26.4116711,0.0
5799216674,-81.8981166,26.4116653,0.0
5799216681,-81.8977558,26.4119961,0.0
5799216694,-81.8978058,26.4119075,0.0
5799216695,-81.8973823,26.411853,0.0
5799216696,-81.8978627,26.4118552,0.0
5799216697,-81.8975968,26.4124484,0.0
5801434578,-81.9000612,26.4131354,0.0
5801434579,-81.899089,26.4148813,0.0
5801434580,-81.8997606,26.4132229,0.0
5801434582,-81.9004159,26.4147496,0.0
5801434583,-81.8997618,26.41339,0.0
5801434589,-81.9002322,26.414754,0.0
5801434593,-81.8997694,26.41386,0.0
5801434594,-81.9002414,26.4142652,0.0
5801434595,-81.9000703,26.4143184,0.0
5801434596,-81.8998971,26.4143722,0.0
5801434597,-81.8997777,26.4143762,0.0
5801434598,-81.9000318,26.4147588,0.0
5801434599,-81.8994093,26.4133252,0.0
5801434604,-81.8992608,26.4131027,0.0
5801434605,-81.8989902,26.412357,0.0
5801434609,-81.8992199,26.4130414,0.0
5801434610,-81.8996673,26.4130009,0.0
5801434611,-81.8992704,26.4131172,0.0
5801434616,-81.89427,26.4153188,0.0
5801434621,-81.8942743,26.415157,0.0
5801434627,-81.8988635,26.4143805,0.0
5801434630,-81.8987964,26.4131534,0.0
5801434648,-81.8979339,26.4129746,0.0
5801434650,-81.8981352,26.4131284,0.0
5801434651,-81.8988125,26.4146797,0.0
5801434652,-81.8993346,26.4146772,0.0
5801435553,-81.8993358,26.4148797,0.0
5801435554,-81.8993408,26.4152616,0.0
5801435555,-81.8990866,26.4150404,0.0
5801435556,-81.8993379,26.4150386,0.0
5802006318,-81.900065,26.4152463,0.0
5802006324,-81.9010511,26.4157921,0.0
5802006325,-81.9000656,26.4154398,0.0
5802006328,-81.9006881,26.4157983,0.0
5802006383,-81.9008209,26.4170717,0.0
5802006387,-81.8994364,26.4161609,0.0
5802006388,-81.9004504,26.4159941,0.0
5802006390,-81.9006401,26.4165424,0.0
5802006391,-81.9009783,26.4164417,0.0
5802006394,-81.9004464,26.4165785,0.0
5802006395,-81.9005849,26.4164071,0.0
5802006396,-81.900334,26.4165798,0.0
5802006400,-81.90001,26.4159963,0.0
5802006401,-81.9000398,26.4162464,0.0
5802006405,-81.8995157,26.4162276,0.0
5802006406,-81.9000646,26.4161734,0.0
5802006408,-81.9001848,26.4159954,0.0
5802444795,-81.9017535,26.4176787,0.0
5802444799,-81.9009726,26.4178911,0.0
5802444816,-81.9014592,26.4179133,0.0
5802444818,-81.9018222,26.4178636,0.0
5802444823,-81.9020749,26.4185433,0.0
5802444830,-81.9017131,26.4184218,0.0
5802444835,-81.9007677,26.418032,0.0
5802444837,-81.9010294,26.4184358,0.0
5802444838,-81.900525,26.4178961,0.0
5802444839,-81.9005186,26.4175434,0.0
5802444841,-81.9004805,26.4171953,0.0
5802444842,-81.9005207,26.4176565,0.0
5802444844,-81.899599,26.4176501,0.0
5802444845,-81.9004811,26.4174303,0.0
5802444847,-81.899406,26.4172076,0.0
5802444860,-81.9016999,26.4181691,0.0
5802444925,-81.901091,26.4172055,0.0
5802444926,-81.9014299,26.4173649,0.0
5802444931,-81.9007791,26.4174147,0.0
5802444932,-81.9007744,26.4171998,0.0
5802444936,-81.9015628,26.4171689,0.0
5802469957,-81.9014123,26.4188581,0.0
5802469962,-81.9023261,26.4197151,0.0
5802469963,-81.9020099,26.4190516,0.0
5802469964,-81.90224,26.4189742,0.0
5802469965,-81.9017601,26.4191269,0.0
5802469970,-81.9013696,26.4189866,0.0
5802469973,-81.9019399,26.4197211,0.0
5802469974,-81.9022687,26.4195947,0.0
5802469980,-81.9019319,26.4201934,0.0
5802469982,-81.9022754,26.4198424,0.0
5802469983,-81.9018748,26.4201295,0.0
5802470186,-81.901985,26.4202499,0.0
5804156700,-81.9072521,26.4254344,0.0
5804156701,-81.9072292,26.426144,0.0
5804156703,-81.9067031,26.4254368,0.0
5804156704,-81.906196,26.4264083,0.0
5804156705,-81.9071969,26.4263342,0.0
5804156706,-81.9067137,26.4263596,0.0
5804156709,-81.9067123,26.4262384,0.0
5804156710,-81.9071771,26.4261848,0.0
5804156711,-81.9077881,26.4260993,0.0
5804156712,-81.9077093,26.4262621,0.0
5804156713,-81.9077938,26.4263875,0.0
5804156714,-81.908293,26.4265146,0.0
5804156725,-81.9069614,26.42725,0.0
5804156728,-81.9072367,26.4266556,0.0
5804156729,-81.9079014,26.4265237,0.0
5804156730,-81.9072118,26.4264518,0.0
5804156731,-81.9071935,26.4263086,0.0
5804156732,-81.9078123,26.4267785,0.0
5804156733,-81.9077997,26.4265312,0.0
5804156759,-81.9083825,26.4262764,0.0
5804464458,-81.9089095,26.4261332,0.0
5804464462,-81.9088182,26.4263254,0.0
5804464473,-81.9087549,26.4265434,0.0
5804464474,-81.9090615,26.4262809,0.0
5804664324,-81.9094847,26.4269359,0.0
5804664325,-81.9096196,26.4268204,0.0
5804664342,-81.9096577,26.4271907,0.0
5804664345,-81.9098245,26.4270165,0.0
5804668956,-81.9098727,26.4272944,0.0
5804668957,-81.9100031,26.4271871,0.0
5804668998,-81.9103145,26.4278457,0.0
5804668999,-81.9105093,26.4276714,0.0
5806958410,-81.9119233,26.4290226,0.0
5806958411,-81.9117165,26.4291873,0.0
5806958412,-81.9117828,26.4292612,0.0
5806958413,-81.9119921,26.4290909,0.0
5806958414,-81.9118413,26.4292136,0.0
5806958415,-81.9117715,26.4291435,0.0
5806958420,-81.9115215,26.4293076,0.0
5806958421,-81.9117378,26.4294799,0.0
5806958452,-81.9124732,26.4302777,0.0
5806958453,-81.9120895,26.4302873,0.0
5807085162,-81.9134268,26.4311002,0.0
5807085163,-81.9137356,26.4308149,0.0
5807085164,-81.9134435,26.4308537,0.0
5807085165,-81.913603,26.4307019,0.0
5807085166,-81.9136391,26.430904,0.0
5807085167,-81.9135119,26.4307886,0.0
5807085205,-81.9138975,26.430953,92.0
5807085213,-81.913784,26.4308562,58.0
5807601448,-81.9160257,26.4329686,0.0
5807601449,-81.9161342,26.4328596,0.0
5807601450,-81.9159584,26.4331561,0.0
5807601451,-81.9159669,26.4330495,0.0
5807601452,-81.9158712,26.4331577,0.0
5807601453,-81.9158959,26.4330488,0.0
5807601559,-81.9166659,26.4328036,0.0
5807601561,-81.916625,26.4327699,0.0
5807601567,-81.9165327,26.4328975,0.0
5807601568,-81.9163766,26.4330536,0.0
5807601569,-81.9165853,26.4330322,0.0
5807601570,-81.9164847,26.4329455,0.0
5807601571,-81.9170432,26.4329948,0.0
5807601577,-81.9162228,26.4328055,0.0
5808109809,-81.9162898,26.4331456,0.0
5808109819,-81.9165332,26.4331744,0.0
5808110167,-81.9164653,26.4334273,0.0
5808110168,-81.9166306,26.4332477,0.0
5808110169,-81.9167951,26.4333714,0.0
5808110180,-81.9169096,26.4334568,0.0
5808110181,-81.9167052,26.4336509,0.0
5808110182,-81.9167637,26.4335742,0.0
5808110212,-81.9169193,26.4336491,0.0
5808110213,-81.9170202,26.4335382,0.0
5808110365,-81.9190797,26.4350612,0.0
5808110408,-81.9191911,26.4351439,0.0
5808110414,-81.9192923,26.4352191,0.0
5812474104,-81.9197914,26.4355878,0.0
5812474292,-81.9188209,26.4348692,0.0
5814968579,-81.9223611,26.4374433,0.0
5814968629,-81.9229471,26.4378603,0.0
5814969781,-81.9231667,26.438018,0.0
5820587793,-81.8895717,26.4047749,0.0
5820587794,-81.8894435,26.4047763,0.0
5820587824,-81.8904632,26.4047078,0.0
5820587825,-81.8906391,26.4047217,0.0
5820587830,-81.890796,26.4047261,0.0
5820587831,-81.8906414,26.4047046,0.0
5820587880,-81.9185153,26.4351427,0.0
6304043722,-81.9056551,26.4274199,0.0
6304043724,-81.9067241,26.42814,0.0
6304043726,-81.9060159,26.4275527,0.0
6304043727,-81.9072408,26.4287049,0.0
6304043731,-81.9077401,26.4291806,0.0
6304043748,-81.90467,26.4272836,0.0
6947764573,-81.895079,26.4079327,0.0
6947764576,-81.89595,26.4082231,0.0
7011017093,-81.895567,26.4118083,0.0
7011017097,-81.8953185,26.4117987,0.0
7011017109,-81.8960081,26.413811,0.0
7011017110,-81.8963525,26.4138087,0.0
7011017112,-81.8950713,26.4117923,0.0
7011017122,-81.8934258,26.4127923,0.0
7011017133,-81.8931951,26.4123273,0.0
7011017134,-81.8933461,26.4126317,0.0
7011017135,-81.8931514,26.4127116,0.0
7011017136,-81.8932676,26.4124735,0.0
7011017137,-81.8929908,26.4125931,0.0
7011017138,-81.8942671,26.4147149,0.0
7011017139,-81.8938426,26.4151078,0.0
7011017142,-81.8940571,26.4151629,0.0
7011017145,-81.8940611,26.4156517,0.0
7013232985,-81.887158,26.4084762,0.0
7013881500,-81.9118699,26.4342869,0.0
7013881502,-81.9112042,26.4339395,0.0
7016372995,-81.9035041,26.4242302,0.0
7016372997,-81.9038097,26.4246179,0.0
7016461448,-81.9162723,26.4371914,0.0
7062713920,-81.8971435,26.4152856,0.0
7062713921,-81.8971435,26.4151776,0.0
7062713923,-81.8962863,26.4151401,0.0
7062713924,-81.8962924,26.4152949,0.0
7062713927,-81.8958743,26.4148414,0.0
7062713928,-81.8974866,26.4148761,0.0
7081882020,-81.8995394,26.4152587,0.0
7081882021,-81.8995533,26.4155912,0.0
7094841898,-81.8986962,26.4152686,0.0
7094841905,-81.8981528,26.4151279,0.0
7094841908,-81.8981525,26.4152738,0.0
7094841910,-81.8981525,26.4152544,0.0
7094841912,-81.8976093,26.4147026,0.0
7094841913,-81.8986849,26.4151561,0.0
7094841915,-81.8987678,26.4148302,0.0
7113549196,-81.8900146,26.4101586,0.0
7113549208,-81.8890076,26.4094997,0.0
7113549209,-81.8888841,26.409497,0.0
7113549214,-81.8892245,26.409956,0.0
7148048346,-81.9008701,26.424603,0.0
7148341496,-81.8952883,26.4153096,0.0
7148341497,-81.8952793,26.4151672,0.0
7148341499,-81.8948983,26.415313,0.0
7155292544,-81.8937016,26.413482,0.0
7189398659,-81.9101218,26.4330948,0.0
7203305056,-81.893644,26.4133285,0.0
7203305057,-81.8933133,26.4134842,0.0
7203305058,-81.8935798,26.4131574,0.0
7203305059,-81.8932228,26.4133382,0.0
7203305060,-81.893501,26.4129635,0.0
7203305061,-81.8932088,26.4131113,0.0
7208366770,-81.8888861,26.409521,0.0
7208366771,-81.888707,26.4095825,0.0
7208366777,-81.8888451,26.4092463,0.0
7226537671,-81.8922522,26.4111514,0.0
7226537681,-81.8919815,26.4109771,0.0
7229628345,-81.8980291,26.4172235,0.0
7229628352,-81.8991762,26.4172102,0.0
7556699107,-81.9067639,26.4316283,0.0
7556699142,-81.8865893,26.4059121,0.0
7556699155,-81.9013716,26.4140078,0.0
7556699159,-81.8969349,26.4175652,0.0
7564891014,-81.9078976,26.4299305,0.0
8270558832,-81.8949312,26.4151688,0.0
8270558834,-81.8945751,26.4149203,0.0
8270558838,-81.8956938,26.4148874,0.0
8277500437,-81.9008689,26.4152996,0.0
8277500439,-81.9015077,26.4152209,0.0
8570985714,-81.9086081,26.430982,0.0
9258320815,-81.8966954,26.4110291,0.0
9258342816,-81.8974592,26.4108625,0.0
9258342819,-81.8970471,26.4107087,0.0
9629857104,-81.8836084,26.4046999,0.0
9629857105,-81.8835881,26.4046106,0.0
10069586511,-81.8970245,26.4134419,0.0
10069586512,-81.8972448,26.4133755,0.0
10069586513,-81.8971015,26.4130068,0.0
10069586514,-81.896884,26.4130744,0.0
10069586515,-81.8968138,26.4128907,0.0
10069586516,-81.8970308,26.4128247,0.0
10069586517,-81.8966103,26.4123582,0.0
10069586518,-81.8968236,26.4122914,0.0
10069586519,-81.8967532,26.4121102,0.0
10069586520,-81.8965421,26.4121798,0.0
10069586521,-81.8964706,26.4119928,0.0
10069586522,-81.896683,26.4119293,0.0
10826905931,-81.9035819,26.4204928,0.0
10826905932,-81.9033558,26.4204213,0.0
10826905933,-81.9032439,26.4202588,0.0
98027430,-81.959739,26.45594,0.0
98027435,-81.9586471,26.4570741,0.0
98029423,-81.949508,26.461042,0.0
98029850,-81.941712,26.459724,0.0
98029868,-81.941694,26.458085,0.0
98037982,-81.9402942,26.4602397,0.0
98037993,-81.940339,26.459605,0.0
98037995,-81.940334,26.458102,0.0
98041592,-81.9288898,26.4414045,0.0
98041609,-81.927594,26.442294,0.0
98041614,-81.9274058,26.4423281,0.0
98041618,-81.9260618,26.4434237,0.0
98048423,-81.948484,26.449852,0.0
98048425,-81.948497,26.4507052,0.0
98048440,-81.948553,26.454381,0.0
98052548,-81.926676,26.4401562,0.0
98055554,-81.9525569,26.4520107,0.0
98055560,-81.952017,26.452311,0.0
98055574,-81.951639,26.453206,0.0
98055589,-81.951651,26.455277,0.0
98059314,-81.9390591,26.4465554,0.0
98059316,-81.938955,26.446783,0.0
98059330,-81.938946,26.447308,0.0
98059337,-81.937981,26.445972,0.0
98082846,-81.9437075,26.448074,0.0
98082848,-81.9435458,26.4483827,0.0
98082850,-81.9433724,26.448882,0.0
98082860,-81.9433715,26.4498836,0.0
98082863,-81.943385,26.450528,0.0
98086066,-81.9475269,26.4503549,0.0
98086072,-81.947505,26.4495477,0.0
98087989,-81.946891,26.464432,0.0
98103826,-81.9467846,26.4500913,0.0
98103830,-81.9467855,26.450861,0.0
98113243,-81.9538424,26.4652131,0.0
98113261,-81.9555593,26.4659889,0.0
98117718,-81.9260258,26.4397874,0.0
98117723,-81.923876,26.441576,0.0
98121991,-81.940339,26.458027,0.0
98121994,-81.940335,26.457461,0.0
98123657,-81.9485354,26.4592575,0.0
98123675,-81.947034,26.460021,0.0
98125525,-81.953566,26.461952,0.0
98125540,-81.952886,26.464743,0.0
98125669,-81.9323217,26.4433229,0.0
98125689,-81.930264,26.445099,0.0
98125741,-81.921497,26.439959,0.0
98128531,-81.917773,26.434632,0.0
98128726,-81.9478574,26.4504722,0.0
98128728,-81.9478635,26.4511389,0.0
98128739,-81.9478653,26.4538144,0.0
98135741,-81.933542,26.444005,0.0
98135754,-81.931665,26.445648,0.0
98135757,-81.931502,26.445788,0.0
98135766,-81.92927,26.447651,0.0
98143912,-81.9508397,26.4518976,0.0
98150818,-81.918504,26.43662,0.0
98150824,-81.919334,26.437243,0.0
98151079,-81.941481,26.4482056,0.0
98152964,-81.938057,26.446493,0.0
98152978,-81.937848,26.447942,0.0
98161355,-81.9427731,26.4486705,0.0
98161357,-81.9427532,26.449827,0.0
98170220,-81.921399,26.438939,0.0
98177750,-81.935588,26.4450445,0.0
98177752,-81.935275,26.446194,0.0
98177756,-81.935052,26.447082,0.0
98177790,-81.929962,26.448315,0.0
98178525,-81.918205,26.436959,0.0
98178533,-81.919013,26.437573,0.0
98178963,-81.9291616,26.4415564,0.0
98178977,-81.926485,26.443995,0.0
98183641,-81.952715,26.4617653,0.0
98183654,-81.9534782,26.4586097,0.0
98183668,-81.9532476,26.4585642,0.0
98183670,-81.952557,26.458429,0.0
98183672,-81.9518041,26.4615689,0.0
98186972,-81.9405957,26.4489914,0.0
98186975,-81.94862,26.460841,0.0
98186982,-81.9486205,26.4641829,0.0
98186987,-81.948541,26.460825,0.0
98186990,-81.9406701,26.4490917,0.0
98203461,-81.9395387,26.4485582,0.0
98203467,-81.9384923,26.448187,0.0
98214611,-81.9538527,26.458695,0.0
98214634,-81.953846,26.462011,0.0
98214651,-81.954097,26.463951,0.0
98214653,-81.9540941,26.4640677,0.0
98214660,-81.9543582,26.4643361,0.0
98214700,-81.953603,26.464407,0.0
98223874,-81.9231208,26.4373857,0.0
98228892,-81.9395,26.458111,0.0
98228894,-81.939499,26.458898,0.0
98238389,-81.95168,26.465456,0.0
98244307,-81.962199,26.458371,0.0
98244343,-81.96114,26.457317,0.0
98254936,-81.9421752,26.4484546,0.0
98254965,-81.94215,26.453273,0.0
98256726,-81.9567758,26.4570124,0.0
98266913,-81.958309,26.455041,0.0
98266970,-81.9573143,26.4544372,0.0
98268180,-81.9449283,26.4494322,0.0
98268198,-81.9448789,26.4536577,0.0
98271969,-81.9553652,26.4534086,0.0
98271979,-81.9560423,26.4536495,0.0
98272051,-81.966037,26.462476,0.0
98272631,-81.9547907,26.4527235,112.0
98272641,-81.9537883,26.4524082,0.0
98272648,-81.9527128,26.452061,0.0
98272651,-81.9521419,26.4518767,0.0
98272654,-81.9506631,26.4513992,0.0
98272657,-81.9499006,26.451153,0.0
98272664,-81.9496338,26.4510669,0.0
98272667,-81.9491218,26.4509016,0.0
98272680,-81.9461605,26.4498697,0.0
98272687,-81.9455134,26.4496399,0.0
98272692,-81.9441787,26.449166,0.0
98272694,-81.9440127,26.4491071,0.0
98272698,-81.9399625,26.4476689,0.0
98272699,-81.9393989,26.4474688,0.0
98272728,-81.937621,26.446085,0.0
98272741,-81.9348395,26.4446642,0.0
98272744,-81.9341549,26.4443164,0.0
98272745,-81.9328224,26.4436027,0.0
98272746,-81.9316135,26.4429294,0.0
98272749,-81.9310314,26.4426202,0.0
98272750,-81.9299579,26.4420016,0.0
98272752,-81.927989,26.440901,0.0
98272754,-81.9273263,26.4405251,0.0
98272759,-81.9253799,26.4394211,0.0
98280095,-81.94966,26.4529842,0.0
98280274,-81.9492659,26.4542551,0.0
98280276,-81.9490024,26.4541689,0.0
98280281,-81.9495214,26.4597937,0.0
98282945,-81.933191,26.44608,0.0
98289577,-81.940882,26.458097,0.0
98289583,-81.9425759,26.458083,0.0
98289591,-81.9426302,26.458043,0.0
98291380,-81.9566623,26.4560071,0.0
98291386,-81.9562481,26.4567825,0.0
98298112,-81.9551362,26.4553211,0.0
98298114,-81.9548672,26.4558181,0.0
98304359,-81.9514863,26.4653742,0.0
98304387,-81.954938,26.467129,0.0
98309788,-81.9203452,26.4363058,0.0
98309790,-81.9199871,26.4367352,0.0
98309793,-81.919509,26.4372983,0.0
98309799,-81.9193893,26.4375308,0.0
98309801,-81.9195584,26.4376506,0.0
98309804,-81.9192136,26.4380604,0.0
98309808,-81.9189846,26.4383446,0.0
98316531,-81.932314,26.44596,0.0
98328726,-81.922184,26.440291,0.0
98333652,-81.9270191,26.4444608,0.0
98336948,-81.9444162,26.4486989,0.0
98336950,-81.944227,26.4486304,0.0
98336954,-81.9427727,26.4481005,0.0
98345053,-81.952762,26.455888,0.0
98358279,-81.9250554,26.4388022,0.0
98358291,-81.922714,26.440757,0.0
98365661,-81.9455034,26.4538733,0.0
98370914,-81.945885,26.459318,0.0
98370931,-81.945749,26.46168,0.0
98375402,-81.944159,26.453779,0.0
98375406,-81.9443773,26.4482959,0.0
98380902,-81.9254798,26.4430016,0.0
98383039,-81.930635,26.445305,0.0
98383055,-81.928631,26.44698,0.0
98388856,-81.9537917,26.454194,0.0
98388863,-81.953796,26.4547242,0.0
98390144,-81.939823,26.446672,0.0
98409130,-81.951443,26.461484,0.0
98409195,-81.950875,26.464913,0.0
98421246,-81.9248729,26.4425955,0.0
98425440,-81.9383856,26.4483884,0.0
98425453,-81.9368652,26.4488205,0.0
98428001,-81.952491,26.461717,0.0
98428002,-81.952205,26.4616536,0.0
98428017,-81.947737,26.460457,0.0
98428019,-81.947646,26.460401,0.0
98428021,-81.946393,26.459627,0.0
98433177,-81.919012,26.43604,0.0
98433181,-81.919765,26.436607,0.0
98433630,-81.9551712,26.4538149,0.0
98433634,-81.9553117,26.4536327,0.0
98433640,-81.955247,26.4530787,0.0
98441272,-81.930951,26.445485,0.0
98444333,-81.9593749,26.4574838,0.0
98444340,-81.9582706,26.4568632,0.0
98444347,-81.9581615,26.4570629,0.0
98444349,-81.958375,26.4566595,0.0
98444363,-81.9594089,26.4576165,0.0
98444443,-81.925724,26.439119,0.0
98444458,-81.923063,26.441363,0.0
98445065,-81.9237631,26.4414694,0.0
98449148,-81.928915,26.444349,0.0
98454849,-81.91774,26.437523,0.0
98478408,-81.952307,26.451444,0.0
98481251,-81.942589,26.459802,0.0
98494340,-81.946241,26.461758,0.0
98513467,-81.9500751,26.450686,0.0
98523816,-81.95526,26.453307,0.0
98523838,-81.9548833,26.4535654,0.0
98523862,-81.954168,26.454085,0.0
98525213,-81.9213417,26.4378469,0.0
98541481,-81.9477315,26.464313,0.0
98559944,-81.928806,26.445638,0.0
1387614715,-81.9204923,26.4364172,0.0
1387614718,-81.9200469,26.4367699,0.0
1387614719,-81.9201433,26.4368258,0.0
1387614737,-81.9197204,26.4387061,0.0
1412670504,-81.9501746,26.450419,0.0
1412670505,-81.9509314,26.4506541,0.0
1756886972,-81.9416941,26.4580185,0.0
1756886973,-81.940885,26.458026,0.0
1769042077,-81.9555099,26.4534638,0.0
1769053882,-81.940751,26.4490453,0.0
1769053892,-81.9413168,26.449243,0.0
1769083207,-81.9454605,26.4494687,0.0
1769083208,-81.9447333,26.4493629,0.0
1769083210,-81.9448275,26.4492261,0.0
1769083211,-81.944775,26.4485047,0.0
1769085404,-81.9451116,26.449335,0.0
1769085412,-81.9452115,26.4485747,0.0
1773568796,-81.9457635,26.4489667,0.0
1773568797,-81.9457643,26.4490925,0.0
1773568798,-81.9455066,26.4489455,0.0
1773568799,-81.9455075,26.4490348,0.0
1773568800,-81.9457688,26.4497306,0.0
1773963615,-81.9660318,26.4636688,0.0
1773963620,-81.9661309,26.4627823,0.0
1773966062,-81.9659164,26.462838,0.0
1773966068,-81.9658151,26.4625588,0.0
1775767027,-81.9352617,26.4470737,0.0
1775767030,-81.9237989,26.4378689,0.0
1775767041,-81.9360198,26.4470753,0.0
1775767042,-81.9372825,26.4472069,0.0
1775767045,-81.9358174,26.4457117,0.0
1775767046,-81.9367069,26.4474521,0.0
1775767049,-81.9360901,26.4452996,0.0
1775767057,-81.9354716,26.4470705,0.0
1775767058,-81.9365367,26.4472927,0.0
1775767059,-81.936288,26.4454001,0.0
1775767060,-81.9368916,26.4462312,0.0
1775767065,-81.9360787,26.4458,0.0
1775767067,-81.9363919,26.4456594,0.0
1775767070,-81.9366093,26.4474701,0.0
1775767074,-81.9372936,26.4469691,0.0
1775767079,-81.9358205,26.4470742,0.0
1775767082,-81.9364128,26.4475023,0.0
1775767083,-81.9374343,26.4459786,0.0
1775767086,-81.9367348,26.4470215,0.0
1775767094,-81.9362095,26.4455733,0.0
1775767097,-81.935685,26.446209,0.0
1775767100,-81.9367571,26.4467874,0.0
1775767113,-81.9372675,26.44632,0.0
1775767114,-81.93628,26.4470575,0.0
1775771966,-81.9553254,26.4528865,0.0
1775771971,-81.9546551,26.4544756,0.0
1775774197,-81.9595269,26.457485,0.0
1793441053,-81.9513222,26.4619119,0.0
1793441054,-81.9528134,26.4610432,0.0
1793441056,-81.9527456,26.4604521,0.0
1793441057,-81.9521262,26.4616362,0.0
1793441064,-81.9538017,26.4610291,0.0
1793441067,-81.9523525,26.4609639,0.0
1793441071,-81.9537957,26.4608607,0.0
1793441072,-81.9529462,26.4605259,0.0
1793441073,-81.9513953,26.4616503,0.0
1793441075,-81.9523576,26.4622024,0.0
1793441076,-81.9527753,26.4612295,0.0
1793441087,-81.9519106,26.4612853,0.0
1793441090,-81.9524383,26.4619089,0.0
1793441091,-81.9529046,26.4606888,0.0
1793441105,-81.9523833,26.4599817,0.0
1793441107,-81.953822,26.4614054,0.0
1793441117,-81.9519948,26.4608715,0.0
1793441127,-81.9537848,26.4607041,0.0
1793441128,-81.9518238,26.4615157,0.0
1793441131,-81.9528451,26.4600904,0.0
1793441138,-81.9523448,26.4602836,0.0
1793441139,-81.9523602,26.4610733,0.0
1793686990,-81.9469331,26.4595711,0.0
1793687007,-81.9445034,26.4610398,0.0
1793687017,-81.9476715,26.4588639,0.0
1793687032,-81.944503,26.4611463,0.0
1793687042,-81.9470886,26.4598304,0.0
1793687081,-81.9469327,26.458505,0.0
1793687093,-81.9444811,26.4588237,0.0
1793687098,-81.9446888,26.4585949,0.0
1793687104,-81.9445325,26.4609062,0.0
1793687105,-81.9449233,26.4589886,0.0
1793687107,-81.9448583,26.4589608,0.0
1793687116,-81.9470893,26.4581636,0.0
1793687118,-81.9491881,26.4609713,0.0
1793687126,-81.9450009,26.4590273,0.0
1793687143,-81.9470096,26.4582597,0.0
1793687152,-81.945097,26.4590792,0.0
1793687160,-81.9453477,26.4611239,0.0
1793687161,-81.9440792,26.4586562,0.0
1793687163,-81.9443014,26.4587658,0.0
1793687172,-81.9469679,26.4596767,0.0
1793687174,-81.9453506,26.4612736,0.0
1793687179,-81.9447042,26.4588868,0.0
1816148609,-81.9497735,26.4677807,0.0
1816148610,-81.9506318,26.4683137,0.0
1816148614,-81.9501446,26.4673114,0.0
1816148646,-81.9500721,26.4684608,0.0
1816148666,-81.9487736,26.4684554,0.0
1816148720,-81.9486397,26.4682427,0.0
1816148723,-81.9510046,26.4682975,0.0
1816148725,-81.9498878,26.468171,0.0
1925188152,-81.9404797,26.4506141,0.0
1925188166,-81.9208094,26.4382844,0.0
1925188168,-81.9209769,26.4394416,0.0
1925188208,-81.9207408,26.4371276,0.0
1975886826,-81.9646254,26.4605102,0.0
1975886828,-81.9661506,26.4623076,0.0
1975886829,-81.9641556,26.4603161,0.0
1975886833,-81.9653408,26.4615048,0.0
1975886834,-81.9649235,26.4610982,0.0
1975886835,-81.965965,26.4619188,0.0
1975886836,-81.9648135,26.4603134,0.0
1975886837,-81.9658012,26.4619924,0.0
1975886838,-81.964456,26.4606304,0.0
1975886839,-81.9646359,26.4599075,0.0
1975886840,-81.9651737,26.4609055,0.0
1975886842,-81.9650824,26.4609773,0.0
1975886844,-81.964511,26.4599922,0.0
1975886849,-81.9664585,26.462254,0.0
1975886851,-81.9659119,26.4621803,0.0
1975886853,-81.9660014,26.4623692,0.0
1975886854,-81.9650799,26.4601299,0.0
1975886857,-81.9646774,26.4601701,0.0
1975886859,-81.9659948,26.4623538,0.0
1975886860,-81.9660134,26.4615837,0.0
1975886861,-81.9646695,26.4598826,0.0
1975886863,-81.9655755,26.4624658,0.0
1975886864,-81.9655116,26.4623544,0.0
1975886866,-81.9660347,26.4620389,0.0
1975886868,-81.9643101,26.4601899,0.0
1975886869,-81.9654713,26.4613879,0.0
1975891253,-81.9661074,26.4617705,0.0
2019396613,-81.9475985,26.4644269,0.0
2019396628,-81.9460759,26.4578693,0.0
2019396633,-81.9461821,26.4594964,0.0
2019396637,-81.9478986,26.4644215,0.0
2019424537,-81.9313891,26.4423034,0.0
2021400869,-81.9570963,26.4540328,0.0
2021400879,-81.9569581,26.45421,0.0
2021400894,-81.9567906,26.4541095,0.0
2021400899,-81.9574848,26.4542697,0.0
2021400900,-81.9565251,26.4536844,0.0
2021400901,-81.956929,26.4539308,0.0
2213554502,-81.9391492,26.4463227,0.0
2253886537,-81.9378729,26.4493371,0.0
3346861986,-81.9538255,26.4553629,0.0
3346901696,-81.9646773,26.4614057,0.0
3529429037,-81.9524537,26.4611499,0.0
3529435381,-81.9529182,26.4598306,0.0
3529435382,-81.9531265,26.4598787,0.0
3529441447,-81.9540057,26.4585421,0.0
3547654560,-81.9461035,26.4490046,0.0
3547654561,-81.9465412,26.4492027,0.0
3547654562,-81.9472753,26.4495134,0.0
3547654565,-81.9469283,26.4498173,0.0
3547654566,-81.9460874,26.4498438,0.0
3547654567,-81.9468958,26.4499305,0.0
3547654570,-81.9468436,26.4501123,0.0
3712398263,-81.9618417,26.456895,0.0
3712398266,-81.9612153,26.4573919,0.0
4277693469,-81.9554757,26.4529244,0.0
4277696826,-81.9549106,26.4527849,0.0
4277696828,-81.9550734,26.4528249,0.0
4277774325,-81.9553508,26.4537887,0.0
4277774326,-81.9556714,26.4540841,0.0
4277774328,-81.9551993,26.4541753,0.0
4277774329,-81.9553964,26.4541976,0.0
4277774346,-81.9555078,26.4541093,0.0
4277774354,-81.9555061,26.4546386,0.0
4277774367,-81.9557787,26.4541357,0.0
4277774369,-81.9554943,26.4536338,0.0
4277774370,-81.955006,26.4546871,0.0
4277774371,-81.9553977,26.4548386,0.0
4277774374,-81.9555325,26.4541552,0.0
4277774376,-81.9553906,26.45387,0.0
5694055621,-81.9602306,26.4564156,0.0
5694055622,-81.9604797,26.4561799,0.0
5694073697,-81.9297001,26.4447884,0.0
5694073698,-81.929759,26.4448209,0.0
5694077510,-81.9601795,26.456219,0.0
5694077511,-81.9603605,26.4560613,0.0
5694077512,-81.9600593,26.4561047,0.0
5694077513,-81.9602178,26.4559395,0.0
5694077514,-81.959977,26.4559507,0.0
5694077515,-81.9600866,26.455844,0.0
5694077516,-81.9606253,26.4560633,0.0
5700557920,-81.9580144,26.4548736,0.0
5700560221,-81.9579628,26.4548415,0.0
5702366483,-81.9575279,26.4545725,0.0
5702366486,-81.957146,26.4546649,0.0
5702951036,-81.9578215,26.4547546,0.0
5702951039,-81.9577023,26.4546809,0.0
5702951040,-81.9582065,26.4543069,0.0
5702951042,-81.958035,26.4547042,0.0
5702951044,-81.9583657,26.4550769,0.0
5702951064,-81.9586772,26.4546797,0.0
5702951066,-81.958439,26.4551233,0.0
5702951069,-81.9589361,26.4546672,0.0
5702951071,-81.9586005,26.4552256,0.0
5706105717,-81.9642143,26.4596203,0.0
5706105719,-81.9637988,26.4599501,0.0
5706106322,-81.9641224,26.4596112,0.0
5706106324,-81.9635897,26.4594156,0.0
5706106325,-81.963991,26.4590765,0.0
5706106327,-81.9634112,26.4595663,0.0
5706106329,-81.9634798,26.4586817,0.0
5706106331,-81.9635399,26.4587413,0.0
5706106332,-81.9630078,26.45917,0.0
5706106334,-81.9633745,26.4588746,0.0
5706106335,-81.9635165,26.4590129,0.0
5706106336,-81.9631451,26.4593049,0.0
5706106358,-81.961961,26.4570244,0.0
5706106361,-81.9621032,26.4574192,0.0
5706106362,-81.9619532,26.457274,0.0
5706106363,-81.9616662,26.4574971,0.0
5706106365,-81.9614724,26.4576478,0.0
5706106366,-81.9623292,26.4575992,0.0
5706106368,-81.9618254,26.4579991,0.0
5706106394,-81.9624159,26.4583118,0.0
5706106397,-81.962236,26.4584076,0.0
5706106400,-81.9622751,26.4584462,0.0
5706106404,-81.9629773,26.4580386,0.0
5706106406,-81.9623641,26.4585341,0.0
5706106407,-81.9625737,26.4586072,0.0
5706106409,-81.9624991,26.4586674,0.0
5706106410,-81.962442,26.4584712,0.0
5706106536,-81.9633542,26.4582466,0.0
5706106538,-81.962646,26.4588126,0.0
5706749087,-81.9393381,26.4490099,0.0
5706749088,-81.9394059,26.449032,0.0
5706749089,-81.9391435,26.4489467,0.0
5706749090,-81.9382533,26.4489688,0.0
5706749091,-81.9382123,26.448803,0.0
5711384888,-81.9517081,26.4518653,0.0
5711385177,-81.9519725,26.451345,0.0
5711385178,-81.9517986,26.4517658,0.0
5711385179,-81.9518433,26.4516576,0.0
5711385180,-81.9511671,26.4514311,0.0
5711385181,-81.9515448,26.4513844,0.0
5711385183,-81.9511175,26.4515459,0.0
5711385184,-81.9517453,26.4514516,0.0
5711385185,-81.9519038,26.4515111,0.0
5711385435,-81.9513741,26.4516288,0.0
5711385436,-81.9512124,26.4520247,0.0
5711385437,-81.9514386,26.4518322,0.0
5711385438,-81.9513088,26.4517887,0.0
5711385441,-81.9510355,26.4515195,0.0
5711385442,-81.9513208,26.4517592,0.0
5711385443,-81.9509791,26.451653,0.0
5711385444,-81.9506154,26.4517068,0.0
5711385445,-81.950733,26.4514218,0.0
5711385447,-81.9508815,26.4514697,0.0
5711385449,-81.9505872,26.4520975,0.0
5711385724,-81.9504724,26.4513376,0.0
5718333001,-81.9555687,26.4545232,0.0
5718333004,-81.9557688,26.4549684,0.0
5718333005,-81.9542766,26.4527041,0.0
5718333006,-81.9542698,26.4525582,0.0
5718333831,-81.9548154,26.4538417,0.0
5718333833,-81.9547121,26.4536308,0.0
5718333850,-81.95369,26.4563337,0.0
5718333851,-81.9537511,26.4561937,0.0
5718333852,-81.9538906,26.4560817,0.0
5718333853,-81.9536306,26.4561409,0.0
5718333875,-81.9538258,26.4553904,0.0
5718333878,-81.953832,26.4558828,0.0
5718334121,-81.953398,26.4525725,0.0
5718334122,-81.953424,26.4522906,0.0
5718334230,-81.9480385,26.4497965,0.0
5718334231,-81.9480386,26.4505382,0.0
5718334232,-81.9484915,26.4503472,0.0
5718334233,-81.9480385,26.4501975,0.0
5718334234,-81.9484942,26.4505228,0.0
5718334235,-81.9480386,26.4503786,0.0
5718334236,-81.9480386,26.4502989,0.0
5718334237,-81.9476785,26.450295,0.0
5718334238,-81.9476039,26.4503822,0.0
5718334374,-81.9458471,26.4489497,0.0
5718334376,-81.9458401,26.4497559,0.0
5718334399,-81.9464328,26.4492884,0.0
5718334400,-81.9460981,26.4492847,0.0
5720560890,-81.9403241,26.4488972,0.0
5720560893,-81.9401476,26.4488359,0.0
5720786974,-81.9488979,26.4508312,0.0
5720786975,-81.9489236,26.4521651,0.0
5720786977,-81.9494978,26.451023,0.0
5720786978,-81.9495181,26.4527968,0.0
5720786980,-81.9496568,26.4527953,0.0
5720786982,-81.9494997,26.4511899,0.0
5720786983,-81.9489011,26.451001,0.0
5720786984,-81.9496469,26.4522089,0.0
5720786985,-81.9495114,26.4522077,0.0
5720788145,-81.9546291,26.4544638,0.0
5720788146,-81.9548717,26.4540108,0.0
5720788151,-81.9550472,26.4557111,0.0
5720788154,-81.9549676,26.4558603,0.0
5720788156,-81.9556621,26.4560045,0.0
5720788159,-81.9553117,26.456644,0.0
5720788160,-81.9545923,26.4563261,0.0
5720788161,-81.9550929,26.4559163,0.0
5720788162,-81.954822,26.4564276,0.0
5720788163,-81.9569221,26.4572796,0.0
5720788165,-81.9554309,26.4564265,0.0
5720788166,-81.9565502,26.4569141,0.0
5720788167,-81.9558722,26.4566187,0.0
5720788168,-81.9556661,26.4569897,0.0
5720788169,-81.9551929,26.4560934,0.0
5720788170,-81.9549867,26.4565004,0.0
5720788171,-81.9553636,26.456162,0.0
5720788172,-81.9551438,26.4565698,0.0
5721396194,-81.9496315,26.4514289,0.0
5721396195,-81.9503234,26.4519498,0.0
5721396197,-81.9496398,26.4517912,0.0
5721396198,-81.9497955,26.451814,0.0
5721396202,-81.9496342,26.4515141,0.0
5723054253,-81.9482302,26.450608,0.0
5723054254,-81.9485014,26.450991,0.0
5723054281,-81.9473105,26.4509963,0.0
5723054282,-81.9473216,26.450282,0.0
5723054283,-81.9468937,26.4503213,0.0
5723054284,-81.9473187,26.45047,0.0
5723054291,-81.946785,26.4504306,0.0
5723054293,-81.9464732,26.4499807,0.0
5723414855,-81.9386802,26.447823,0.0
5723414861,-81.9397971,26.448016,0.0
5723831225,-81.9441776,26.4494319,0.0
5723831226,-81.9441764,26.4497031,0.0
5723831239,-81.9426358,26.4486181,0.0
5723831244,-81.9421685,26.4497321,0.0
5723831253,-81.942169,26.4496325,0.0
5723831258,-81.942171,26.4492671,0.0
5723831268,-81.9432203,26.4498686,0.0
5723831270,-81.9433666,26.4491455,0.0
5723831291,-81.9421719,26.4490772,0.0
5723831292,-81.9414698,26.4490733,0.0
5723831293,-81.9417897,26.4490751,0.0
5723831294,-81.9418024,26.4483209,0.0
5723831295,-81.941993,26.4483892,0.0
5723831296,-81.941992,26.4490762,0.0
5723831297,-81.9419928,26.4485288,0.0
5723831298,-81.9418001,26.4484596,0.0
5723831299,-81.9417946,26.4487851,0.0
5723831300,-81.9414693,26.4487802,0.0
5723831313,-81.9412753,26.4481329,0.0
5723831315,-81.941469,26.4486018,0.0
5725934655,-81.9423803,26.4476912,0.0
5725934656,-81.9423782,26.4485267,0.0
5725934717,-81.9429283,26.4478504,0.0
5725934718,-81.9429218,26.4481549,0.0
5725934719,-81.9425579,26.4483257,0.0
5725934720,-81.942379,26.4482407,0.0
5725934721,-81.9426618,26.4481174,0.0
5725934722,-81.9423795,26.4480077,0.0
5725934723,-81.9426207,26.4478991,0.0
5725934724,-81.9423801,26.4478055,0.0
5725934732,-81.9420646,26.4484149,0.0
5725934733,-81.9420622,26.4476272,0.0
5725934734,-81.9423786,26.4483842,0.0
5725934756,-81.9418844,26.447892,0.0
5725934757,-81.9418783,26.4483481,0.0
5725934760,-81.9414881,26.4478164,0.0
5725934761,-81.9416705,26.4482736,0.0
5725934807,-81.9412068,26.4473188,0.0
5725934809,-81.9414952,26.4474475,0.0
5725934811,-81.9413137,26.4473586,0.0
5726052993,-81.9369257,26.4460867,0.0
5726053015,-81.9354436,26.4470717,0.0
5726231041,-81.9414835,26.448071,0.0
5726231043,-81.9411085,26.4480739,0.0
5736531739,-81.9408974,26.4479993,0.0
5736531742,-81.9410274,26.4476929,0.0
5736531787,-81.9410966,26.4474411,0.0
5736531789,-81.9404752,26.4478501,0.0
5736531790,-81.9405212,26.447749,0.0
5736531792,-81.9407918,26.447962,0.0
5736734525,-81.9400461,26.4472474,0.0
5736734526,-81.939661,26.4471072,0.0
5736734597,-81.9397301,26.4469983,0.0
5736734599,-81.9389785,26.4467315,0.0
5736734601,-81.9395553,26.4469095,0.0
5736734603,-81.9391666,26.4467804,0.0
5736939798,-81.9388144,26.4466983,0.0
5736939799,-81.9389419,26.4470395,0.0
5736939803,-81.9386021,26.446418,0.0
5736939822,-81.9375596,26.4460498,0.0
5736939831,-81.9377048,26.4461411,0.0
5736939915,-81.9376508,26.4456439,0.0
5736939916,-81.9374881,26.4460088,0.0
5737200754,-81.9349662,26.4453024,0.0
5737200755,-81.9352317,26.4448635,0.0
5737200776,-81.9342913,26.4453585,0.0
5737200777,-81.9341654,26.4452297,0.0
5737200778,-81.9344905,26.4456412,0.0
5737200782,-81.9337247,26.4456045,0.0
5737200848,-81.9301569,26.4423774,0.0
5737200853,-81.9299403,26.4433192,0.0
5737200855,-81.9300294,26.4434098,0.0
5737200858,-81.9299008,26.443279,0.0
5737200859,-81.9306618,26.4429114,0.0
5737200860,-81.930563,26.4428119,0.0
5741904809,-81.9284381,26.4418101,0.0
5741904810,-81.9284612,26.4411649,0.0
5741904811,-81.9285858,26.4416879,0.0
5741904812,-81.9282829,26.4413937,0.0
5741904813,-81.9281076,26.4420837,0.0
5741904815,-81.927516,26.4420253,0.0
5741904816,-81.927665,26.4421485,0.0
5741904817,-81.9279581,26.4419264,0.0
5741904818,-81.9279182,26.4418845,0.0
5741904921,-81.9283117,26.4416882,0.0
5742089175,-81.9386264,26.4479272,0.0
5742089177,-81.9382739,26.4477906,0.0
5742089180,-81.9385375,26.4471016,0.0
5742089181,-81.938863,26.4474688,0.0
5742089182,-81.9384558,26.4472909,0.0
5742089183,-81.9384081,26.447507,0.0
5742089184,-81.9378525,26.4473635,0.0
5742089187,-81.9382959,26.446866,0.0
5742089188,-81.9378557,26.4469639,0.0
5742089189,-81.9382114,26.447048,0.0
5742089190,-81.9381906,26.4469348,0.0
5742089191,-81.937979,26.4467607,0.0
5742089192,-81.9380921,26.446968,0.0
5742089201,-81.9378858,26.4466836,0.0
5742089204,-81.9378232,26.4464602,0.0
5744360271,-81.9348255,26.444396,0.0
5744360272,-81.9347102,26.4445985,0.0
5744360273,-81.9347213,26.4443437,0.0
5744360274,-81.9346032,26.4445441,0.0
5744360275,-81.9347907,26.4444572,0.0
5744360276,-81.9346864,26.444403,0.0
5749721191,-81.9207585,26.4375154,0.0
5749721192,-81.9207705,26.4376842,0.0
5749721199,-81.920351,26.4376798,0.0
5749721200,-81.9207805,26.4378257,0.0
5749721201,-81.9202684,26.4378754,0.0
5749721202,-81.9207958,26.4380421,0.0
5749721204,-81.9203745,26.4379089,0.0
5749721205,-81.9206843,26.4386382,0.0
5749721206,-81.9202913,26.4381196,0.0
5749721207,-81.921232,26.4387263,0.0
5749721208,-81.920713,26.4385598,0.0
5749721210,-81.9206471,26.4387466,0.0
5749721213,-81.9213029,26.4395654,0.0
5749721214,-81.9213014,26.4393864,0.0
5749721215,-81.9209959,26.4393969,0.0
5749721216,-81.9211182,26.4391091,0.0
5749721217,-81.9206049,26.4389354,0.0
5750060793,-81.9216677,26.437124,0.0
5750060794,-81.9212521,26.4368297,0.0
5750060795,-81.9214956,26.4370022,0.0
5750312022,-81.9204591,26.4353837,0.0
5750312025,-81.9208094,26.4359485,0.0
5750312029,-81.9206899,26.4360758,0.0
5750312038,-81.9197471,26.4350967,0.0
5750312040,-81.9195617,26.4349597,0.0
5750312070,-81.9178354,26.4337846,0.0
5750312082,-81.9194093,26.4348381,0.0
5750312084,-81.9192441,26.4347205,0.0
5750312125,-81.9188539,26.4345246,0.0
5750312127,-81.918438,26.4342263,0.0
5750312129,-81.9183278,26.4343551,0.0
5750312130,-81.9187342,26.4346576,0.0
5750312131,-81.9187075,26.4343917,0.0
5750312132,-81.9185773,26.4345409,0.0
5750312133,-81.9185829,26.4343009,0.0
5750312134,-81.9184544,26.4344494,0.0
5750312172,-81.9197939,26.4353224,0.0
5750312187,-81.9199966,26.4352776,0.0
5750312190,-81.9198938,26.4352904,0.0
5750312191,-81.9198908,26.4351991,0.0
5750312192,-81.9198619,26.4352407,0.0
5750312193,-81.9198963,26.4353756,0.0
5750312194,-81.9198708,26.4353282,0.0
5751752805,-81.92243,26.437118,0.0
5751752808,-81.9225919,26.4372345,0.0
5762966146,-81.9512536,26.4519238,0.0
5771851549,-81.9343091,26.4443947,100.0
5771851552,-81.9342262,26.4443526,96.0
5771853753,-81.9339826,26.4442289,0.0
5771853756,-81.9342477,26.4440958,0.0
5773169805,-81.932863,26.4433432,0.0
5773169806,-81.9327271,26.4435495,0.0
5773169807,-81.932952,26.4436751,53.0
5773169808,-81.9330616,26.4435121,47.0
5773169849,-81.9333224,26.44364,0.0
5773169850,-81.9332082,26.4438184,0.0
5773170174,-81.9317941,26.4428508,0.0
5773170175,-81.9317064,26.442981,0.0
5773170245,-81.9307826,26.4422577,0.0
5773170246,-81.9306421,26.4423959,0.0
5773170257,-81.9306307,26.4421068,0.0
5773170258,-81.9304714,26.4422975,0.0
5773679869,-81.9278457,26.4408197,0.0
5773679872,-81.9279547,26.4406073,0.0
5781895511,-81.9253972,26.4391981,0.0
5781895512,-81.9252305,26.4393363,0.0
5781895525,-81.9250547,26.4390097,0.0
5781895526,-81.9248847,26.4391402,0.0
5781896147,-81.9234231,26.437806,0.0
5781896274,-81.9232658,26.4377154,0.0
5781896276,-81.9232513,26.4374052,0.0
5781896279,-81.922977,26.4375129,0.0
5781896317,-81.9227883,26.4374866,0.0
5781896318,-81.9229076,26.4375759,0.0
5781896319,-81.9229576,26.4373386,0.0
5781896320,-81.9230674,26.4374329,0.0
5783014081,-81.9208656,26.4362586,0.0
5796085242,-81.9334956,26.4445234,0.0
5796085243,-81.933783,26.4446813,0.0
5796086067,-81.9332241,26.4438273,0.0
5796086069,-81.9329268,26.443661,0.0
5796086070,-81.9329941,26.4438721,0.0
5796086071,-81.9330621,26.4437367,0.0
5796086092,-81.9325954,26.4441121,0.0
5796086093,-81.9324869,26.4440548,0.0
5796555508,-81.9410709,26.4482987,0.0
5796555509,-81.9411535,26.4480898,0.0
5796555513,-81.9406622,26.4483163,0.0
5796555514,-81.9408078,26.4479676,0.0
5796555521,-81.9403423,26.4481123,0.0
5796555522,-81.9404499,26.4478412,0.0
5796555523,-81.9404997,26.4480288,0.0
5796555524,-81.9405559,26.4478787,0.0
5796555528,-81.940193,26.4480398,0.0
5796555529,-81.9402994,26.4477879,0.0
5808110343,-81.9176844,26.4347323,0.0
5808110344,-81.9179569,26.4344169,0.0
5808110345,-81.9175469,26.4347374,0.0
5808110347,-81.9176693,26.4346718,0.0
5808110364,-81.9189454,26.4352149,0.0
5808110407,-81.9190208,26.435343,0.0
5808110409,-81.9190673,26.4352887,0.0
5812474103,-81.9196616,26.4357306,0.0
5812474291,-81.9191408,26.4344957,0.0
5814968578,-81.9222252,26.4375949,0.0
5814968628,-81.9226651,26.438167,0.0
5814969780,-81.9230365,26.4381515,0.0
5815189980,-81.9237777,26.4387286,0.0
5815189981,-81.9239303,26.4388337,0.0
5816002623,-81.9255348,26.439698,0.0
5816002624,-81.9256281,26.4395619,0.0
5816002664,-81.9259708,26.4399996,0.0
5816002665,-81.9258893,26.4399175,0.0
5816060990,-81.9313048,26.4427655,0.0
5816061000,-81.9314065,26.4428194,0.0
5816061047,-81.9324175,26.4436048,0.0
5816061048,-81.9325336,26.4434413,0.0
5816061873,-81.9325762,26.4436557,0.0
5816061874,-81.9326618,26.443513,0.0
5816061892,-81.9333749,26.4441603,0.0
5816061899,-81.9333068,26.4442206,0.0
5816061905,-81.9340395,26.4445672,0.0
5816061906,-81.9339762,26.444503,0.0
5816061907,-81.9341135,26.4445235,0.0
5816061908,-81.9340285,26.4444524,0.0
5816061943,-81.9342828,26.4447403,0.0
5816061944,-81.9345017,26.4444925,0.0
5816062157,-81.9346956,26.4445911,0.0
5816062160,-81.9346402,26.4448302,0.0
5820587879,-81.9186214,26.4352142,0.0
5820587893,-81.9194185,26.4357185,0.0
5820587894,-81.9193278,26.4356619,0.0
5821266167,-81.9343432,26.4445614,0.0
5821266168,-81.9344212,26.4444516,0.0
5821266202,-81.9375508,26.4461844,0.0
5821266364,-81.9504458,26.4514039,0.0
5821266383,-81.9517522,26.4517508,0.0
5832108727,-81.9584249,26.4554302,0.0
5832108728,-81.9585753,26.4552096,0.0
5832108737,-81.9588753,26.4557496,0.0
5832108738,-81.9590526,26.4555119,0.0
5832108826,-81.960618,26.4572306,0.0
5832108827,-81.9608653,26.4570402,0.0
5832108828,-81.9607744,26.4571102,0.0
5832108829,-81.9608975,26.4572394,0.0
5832836525,-81.9612364,26.4576377,0.0
5832836526,-81.96136,26.4575359,0.0
5832836541,-81.9613178,26.4581109,0.0
5832836542,-81.9616643,26.4578388,0.0
5832838303,-81.9621696,26.4585724,0.0
5832838305,-81.9622653,26.4584365,0.0
5832838307,-81.9623194,26.4586856,0.0
5832838308,-81.9623153,26.4588801,0.0
5832838309,-81.9623635,26.4587317,0.0
5832838310,-81.96247,26.4586387,0.0
5832838311,-81.9621822,26.459169,0.0
5832838313,-81.9625747,26.4587422,0.0
5832838314,-81.9624914,26.4590716,0.0
5832838316,-81.962688,26.4588541,0.0
5832838317,-81.9625547,26.4591742,0.0
5832838318,-81.9628012,26.458966,0.0
5832838319,-81.9626674,26.4592656,0.0
5832838320,-81.962903,26.4590665,0.0
5832838321,-81.9628155,26.459427,0.0
5832838322,-81.9630692,26.4592303,0.0
5832838323,-81.9629958,26.4596287,0.0
5832838324,-81.9632633,26.459421,0.0
5832838327,-81.9634268,26.4599229,0.0
5832838328,-81.9636078,26.4597595,0.0
5832838329,-81.9635672,26.4600235,0.0
5832838330,-81.9637249,26.4598745,0.0
5832838335,-81.9639314,26.4602947,0.0
5832838336,-81.9640434,26.460201,0.0
5832838444,-81.9655518,26.4619965,0.0
5832838445,-81.9657164,26.4618855,0.0
5833573693,-81.9612352,26.4566041,0.0
5833573695,-81.9612128,26.4567114,0.0
5833573696,-81.9614861,26.4568602,0.0
5833573698,-81.9614182,26.456915,0.0
5833573700,-81.9608271,26.4570017,0.0
5833573701,-81.9609843,26.4568834,0.0
5833573702,-81.9610828,26.4569812,0.0
5833573703,-81.9613118,26.4568095,0.0
5833573708,-81.9595375,26.4550972,0.0
5833573709,-81.9592703,26.4556454,0.0
5833573710,-81.9593223,26.4549764,0.0
5833573712,-81.9590665,26.4555207,0.0
5833573713,-81.9591079,26.4549764,0.0
5833573715,-81.9588489,26.4553829,0.0
5834339115,-81.9587967,26.4553498,0.0
5834339118,-81.958634,26.4555507,0.0
6304037611,-81.9543753,26.4609871,0.0
6304037612,-81.9538007,26.4609998,0.0
6986981811,-81.9507646,26.4613306,0.0
6986981812,-81.9507345,26.4602598,0.0
7011867618,-81.9435293,26.4580224,0.0
7011867622,-81.9426865,26.4578836,0.0
7011867623,-81.9426927,26.4580302,0.0
7011867624,-81.9435173,26.4576616,0.0
7011867625,-81.9433247,26.457668,0.0
7013330618,-81.9509051,26.4634232,0.0
7013330622,-81.9502169,26.4631828,0.0
7013330623,-81.9509903,26.4631005,0.0
7013330628,-81.9510994,26.4627042,0.0
7013330629,-81.9510386,26.462925,0.0
7013330631,-81.9506425,26.4628269,0.0
7013821668,-81.9583028,26.4562311,0.0
7013821670,-81.9584095,26.4574911,0.0
7013821671,-81.9588334,26.457179,0.0
7013821672,-81.9586042,26.4576114,0.0
7013821675,-81.9582045,26.4574501,0.0
7013821676,-81.9590926,26.4573249,0.0
7013821678,-81.9588573,26.4576799,0.0
7013841585,-81.950985,26.4673477,0.0
7013841588,-81.9504183,26.4669606,0.0
7013893152,-81.9504499,26.4612594,0.0
7016483559,-81.95431,26.4659168,0.0
7016483561,-81.9545614,26.4655723,0.0
7058941297,-81.9596588,26.4574476,0.0
7083524141,-81.9513813,26.46147,0.0
7083524144,-81.9511218,26.4603527,0.0
7113967646,-81.9580679,26.45625,0.0
7113967648,-81.95782,26.4567004,0.0
7113967651,-81.9576133,26.4571719,0.0
7116525259,-81.9509521,26.4649863,0.0
7116525260,-81.9508415,26.4650792,0.0
7116525265,-81.949876,26.4644991,0.0
7116525267,-81.9512537,26.4654134,0.0
7132571085,-81.9546782,26.4638876,0.0
7132571086,-81.9541324,26.4638597,0.0
7132571094,-81.9546811,26.4636872,0.0
7132571095,-81.9546928,26.464486,0.0
7132571097,-81.9550979,26.464268,0.0
7155506180,-81.9286463,26.443782,0.0
7155533385,-81.9292285,26.4440897,0.0
7189946869,-81.9668684,26.4622402,0.0
7225845900,-81.957903,26.4563828,0.0
7225845902,-81.95972,26.4570096,0.0
7225845904,-81.9593084,26.4574464,0.0
7248969646,-81.9545023,26.4556586,0.0
7248969651,-81.9549751,26.4552494,0.0
7249086631,-81.9444966,26.4584805,0.0
7249086637,-81.9437393,26.458094,0.0
7249222043,-81.9541943,26.4643197,0.0
7249222044,-81.9542177,26.4642748,0.0
7249222046,-81.9548036,26.4640096,0.0
7328205632,-81.950678,26.461311,0.0
7328205635,-81.9506153,26.4621847,0.0
7328205643,-81.9506656,26.4614638,0.0
7348791469,-81.9283704,26.4448038,0.0
7348791478,-81.9285025,26.4446936,0.0
7436086220,-81.9434781,26.4586878,0.0
7456537825,-81.951387,26.4657576,0.0
7456537826,-81.9511869,26.465722,0.0
7506129661,-81.955361,26.4667763,0.0
7543696303,-81.9450895,26.4588336,0.0
7565677414,-81.9439548,26.4574714,0.0
7565677417,-81.944137,26.4574665,0.0
7565677419,-81.9443393,26.4574611,0.0
7565677420,-81.9453708,26.458288,0.0
7565677421,-81.9448046,26.4581075,0.0
7565677422,-81.9454646,26.4580713,0.0
7565677423,-81.9447905,26.45785,0.0
7565677424,-81.9441493,26.4579851,0.0
7568532381,-81.9517379,26.4644584,0.0
7568532382,-81.9514842,26.4643909,0.0
7568532384,-81.9514394,26.4645335,0.0
7568548885,-81.9517688,26.4633249,0.0
7568548886,-81.9517146,26.4635326,0.0
7568548887,-81.9519783,26.4635833,0.0
7592286880,-81.9529767,26.4590894,0.0
7592286884,-81.9524657,26.459146,0.0
7592299587,-81.9530646,26.4592857,0.0
7927797312,-81.9475246,26.4598943,0.0
7927797317,-81.947272,26.4596554,0.0
7927797318,-81.9472696,26.459804,0.0
7927797324,-81.9469227,26.4586159,0.0
7938792247,-81.9593785,26.4580427,0.0
8110846039,-81.9275897,26.4454468,0.0
8192978029,-81.9520629,26.4555762,0.0
8278573202,-81.9538777,26.4587104,0.0
8278573206,-81.9536133,26.4593705,0.0
8281228431,-81.9519115,26.4638266,0.0
8281228432,-81.9521305,26.4638725,0.0
8281228435,-81.9528106,26.4641339,0.0
8281228436,-81.9528373,26.4640338,0.0
8281228437,-81.9525276,26.4639627,0.0
8281228438,-81.9524907,26.4640731,0.0
8281228439,-81.9530487,26.4638365,0.0
8281228441,-81.9528961,26.4637966,0.0
8281228442,-81.9528218,26.4640918,0.0
8281228443,-81.9529736,26.4641215,0.0
8281228444,-81.9509572,26.4647536,0.0
8281228448,-81.9508698,26.4640348,0.0
8281228449,-81.9507363,26.463989,0.0
8281228450,-81.9508776,26.4635349,0.0
8281228453,-81.9515542,26.46413,0.0
8281228454,-81.9512133,26.4640526,0.0
8281228455,-81.9509146,26.463988,0.0
8281228456,-81.951033,26.4635739,0.0
8281228457,-81.9508193,26.4641848,0.0
8288856664,-81.9509858,26.4677513,0.0
8288856670,-81.950989,26.4673023,0.0
8289061909,-81.9295946,26.4437789,0.0
8289061914,-81.9291782,26.443492,0.0
8289187852,-81.9455723,26.4578222,0.0
8292117455,-81.9455041,26.4535694,0.0
8292117458,-81.9457525,26.4537643,0.0
8292161645,-81.9505167,26.4602811,0.0
8406747606,-81.952256,26.4625723,0.0
8406747607,-81.9528106,26.4627047,0.0
8411625776,-81.9458272,26.454061,0.0
8704194476,-81.9476475,26.4594659,0.0
8704194477,-81.9474325,26.4594669,0.0
8776543597,-81.9343098,26.4451082,0.0
8776543600,-81.9340826,26.4449316,0.0
8776543601,-81.9322148,26.4469375,0.0
8776543607,-81.9318787,26.4473925,0.0
8793154921,-81.9590043,26.4567031,0.0
8793154923,-81.9592924,26.4569275,0.0
8793196277,-81.9518032,26.4642206,0.0
8793196282,-81.9522869,26.4645771,0.0
8793196287,-81.9516982,26.464603,0.0
8793196288,-81.9525195,26.4649193,0.0
8793390779,-81.9399951,26.4476804,0.0
8793390781,-81.9402371,26.4471467,0.0
8796853443,-81.9481169,26.4589177,0.0
8796853449,-81.9478384,26.4584761,0.0
8900391071,-81.9553493,26.4654231,0.0
8900391079,-81.9553021,26.465325,0.0
8900391080,-81.9555571,26.4652132,0.0
8900391081,-81.9556164,26.4653194,0.0
9072265089,-81.946801,26.4538081,0.0
9391373725,-81.9504069,26.4514995,0.0
11458897845,-81.9531671,26.4585484,0.0
11458897846,-81.9531941,26.4584251,0.0
11458897851,-81.9528029,26.4584771,0.0
11458897852,-81.9532743,26.4584346,0.0
11458897854,-81.9535515,26.4584581,0.0
11696334035,-81.9525063,26.4589857,0.0
11696334036,-81.952934,26.4592556,0.0
11696334039,-81.9524336,26.4592968,0.0
11696334044,-81.9521833,26.4596169,0.0
11905992715,-81.9528432,26.4521032,0.0
11905992717,-81.953025,26.4515932,0.0
